name,age,gender,email,phone_number,education,address,skills,experience,certifications
Stephanie Foster,50,Male,dfisher@example.com,972.788.4446x55270,Master Degree,"925 Alexandra Tunnel Apt. 944
New Jackton, IA 04707","Java, React, JavaScript",3,Yes
Sonya Thompson,71,Female,arthur35@example.org,237-955-8088x050,Bachelor Degree,"3999 Miller Lodge
Lake Connieview, MI 68737","React, CSS, Node.js",4,Yes
Shane Barrera,19,Male,andrew57@example.com,(342)829-9533x4276,Bachelor Degree,"USS Roman
FPO AP 73461","Python, Java, SQL",0,No
Susan Reed,61,Male,bairddawn@example.org,+1-472-931-6540x292,Doctorate,"050 Kimberly Parkway Apt. 499
South Danielstad, IN 45976","Flask, CSS, Node.js",1,No
Jessica Cantu,75,Male,khart@example.com,397-261-4285x0414,Master Degree,"21021 Moreno Ford Apt. 426
Jeffreyborough, NV 74585","React, JavaScript, CSS",0,Yes
Mary Warren,59,Female,rodneywalls@example.net,6113133771,Bachelor Degree,"925 Crystal River Suite 152
Burgessland, HI 30961","C++, Java, SQL",4,No
Jose Perry,68,Female,kari92@example.org,(667)884-3799,Bachelor Degree,"227 Matthew Rest Apt. 358
Douglaston, NY 66850","JavaScript, Java, C++",2,No
Nancy Reed,77,Male,alfredwilliams@example.org,586.557.5766,Master Degree,"903 Miller Green Suite 184
New Felicia, FM 44767","HTML, Node.js, CSS",3,Yes
Katelyn Mitchell,46,Female,jacob70@example.net,001-928-767-8769x61645,Bachelor Degree,"Unit 8142 Box 5573
DPO AE 29170","Flask, SQL, HTML",5,No
Victoria Williams,32,Male,dianelarsen@example.net,+1-511-659-5873,High School,"781 Terry Well
Jordanstad, OK 50587","C++, React, CSS",3,Yes
Catherine Navarro,51,Male,raymond49@example.net,(270)558-2206x7816,Doctorate,"Unit 0882 Box 4365
DPO AP 94567","Java, Django, Flask",0,No
Christina Sanchez,31,Male,janetgray@example.com,+1-458-300-9269,Bachelor Degree,"961 Peterson Wall
Christopherview, MH 56190","Django, CSS, Flask",0,No
Natasha Joseph,71,Female,woodardwayne@example.net,(412)990-6029x427,Doctorate,"711 Morgan Village Suite 908
South Patriciaview, NH 38889","C++, JavaScript, React",3,No
Edward Benson,31,Male,gallagherkevin@example.net,001-387-590-0999x739,Bachelor Degree,"77734 Michelle River Apt. 340
Hernandezmouth, SD 74319","Java, CSS, React",5,No
Raymond Benson,69,Female,ramirezteresa@example.net,(367)631-6128x419,Bachelor Degree,"11386 Mcmahon Cliffs Suite 387
New Amandaland, ID 84441","Python, C++, Java",2,No
Joel Mills,62,Female,crystal56@example.org,4325590906,Doctorate,"766 Taylor Avenue
Austinmouth, MD 22431","Node.js, Flask, Django",0,Yes
Ryan Johnson,25,Male,heatherhodge@example.org,837-998-3129x5811,High School,"591 Cynthia Curve Apt. 757
Matthewchester, MD 41100","Java, HTML, Node.js",0,No
David Garcia,30,Male,julie90@example.com,546.720.5094,Master Degree,"7959 Soto Forest
Jerryburgh, TN 47360","React, Java, Flask",0,No
Melissa Reyes,22,Male,shanemelendez@example.com,(980)356-9833,High School,"148 Michael Brooks
Farrellland, MP 73544","React, CSS, HTML",5,No
Alexandra Gregory,43,Male,haroldbailey@example.net,(782)915-6572,Master Degree,"979 Robin Stream
Donaldshire, OK 86406","Python, HTML, C++",5,No
Antonio Abbott,71,Female,henrytimothy@example.org,+1-467-895-2042x75176,Master Degree,"55816 Ashley Green
Montgomerytown, WA 92057","JavaScript, Node.js, SQL",4,No
Michael Ramirez,37,Female,aliciaward@example.net,812.285.0445x9937,High School,"222 Kathryn Junction Suite 127
Tuckerbury, TN 68426","CSS, Java, HTML",1,Yes
Rodney Nolan,56,Female,charlesshaffer@example.org,001-534-479-6809,High School,"80378 Smith Trafficway Suite 300
West Donnahaven, MD 49625","C++, HTML, Django",3,Yes
Felicia Powell,48,Female,tina11@example.org,(572)991-0836x71883,Doctorate,"709 Anthony Greens
Heatherstad, WY 49410","JavaScript, HTML, Node.js",4,Yes
Todd Bryant,76,Male,zevans@example.org,+1-472-558-3988x340,Doctorate,"720 Guerra Plain
Barbaratown, PR 05827","Node.js, Java, HTML",2,No
Alicia Perez,43,Female,victor21@example.net,001-852-370-5305x12833,Master Degree,"2966 Lori Terrace Apt. 598
Hortonburgh, OH 64774","Flask, C++, JavaScript",1,No
Douglas Rodriguez,42,Female,ydixon@example.org,+1-223-446-8732x023,Master Degree,"14081 Price Lodge Apt. 022
Sawyerburgh, SD 24769","SQL, HTML, CSS",3,No
Cindy Mclean,21,Male,karellano@example.net,794.671.3460,Bachelor Degree,"07106 Amy Circle
Staceyfurt, CT 55889","HTML, Flask, React",4,Yes
Evan Juarez,38,Male,margarethoward@example.org,5394729858,High School,"USNS Rodriguez
FPO AE 71163","Python, Flask, HTML",0,No
Brandi Smith,42,Female,dle@example.com,(812)434-1537,High School,"73434 Eric Pike
Johnchester, SC 98025","HTML, CSS, Node.js",0,Yes
Jimmy Oneal,49,Male,michealsims@example.org,737.318.1263x911,Bachelor Degree,"0665 William Well Apt. 962
West Andrew, OH 04212","SQL, React, Java",5,No
Anthony Ellis,53,Male,jackharris@example.com,754.819.7371,Master Degree,"855 John Islands Suite 747
Pamelaside, UT 27516","Java, Django, SQL",1,Yes
Lisa Williams,24,Female,vpowell@example.org,381-543-9851,Bachelor Degree,"051 Desiree Brooks
Hollyton, NM 28930","Flask, CSS, SQL",4,No
Ryan Gray,31,Male,boyddaniel@example.com,+1-206-238-2769x788,Master Degree,"933 Samantha Cape
Jillianbury, MO 60314","React, SQL, Django",5,No
Aaron Finley,24,Male,qsmith@example.net,001-377-316-7959x73853,Doctorate,"727 James Locks
West Melody, MP 95003","Node.js, JavaScript, Python",4,No
Nicole Daniel,40,Male,mortoncolin@example.com,(806)917-8490x98459,Doctorate,"6806 Dawson Street Suite 575
Barbaramouth, FL 05714","SQL, C++, Python",4,Yes
Christine Morales,40,Male,edward13@example.net,+1-568-576-3144,Doctorate,"7970 Figueroa Knoll
Dawnton, OR 76645","CSS, React, Node.js",0,No
Kimberly Barnes,54,Female,ajohnson@example.com,530-925-4181x545,Master Degree,"380 Montgomery Mill
East Dawnport, KS 44028","C++, Java, Python",3,No
William Thornton,63,Male,millerscott@example.net,(308)381-6945x8769,Master Degree,"66542 Williams Islands Apt. 638
Lambstad, MA 09628","SQL, Node.js, Django",2,Yes
Michaela Tucker,55,Male,davisbenjamin@example.org,811-397-5633,Master Degree,"442 Jason Road
Michaelshire, NH 55500","Node.js, HTML, SQL",5,Yes
Cynthia Watson,24,Female,ccunningham@example.net,2083889331,Bachelor Degree,"62749 Turner Divide
Carolstad, NC 93153","HTML, C++, CSS",4,Yes
Katherine White,73,Female,heatherlopez@example.net,292.373.3678,Doctorate,"480 Richards Mountain Suite 843
Leeview, NE 46787","HTML, Django, Java",0,Yes
Steven Landry,52,Female,rallen@example.com,517.754.0595,High School,"3045 Alexander Brooks
New Allentown, NV 72976","JavaScript, Node.js, C++",1,No
Matthew Vazquez,49,Female,daniel89@example.net,(687)337-4535x828,Master Degree,"61839 Wright Stream Suite 370
Powerschester, NJ 65144","SQL, Django, HTML",5,No
Billy Williams,50,Male,martinerica@example.net,863.317.4666x11841,High School,"6049 Williams Plain
Raymondberg, DC 60458","JavaScript, C++, React",3,No
Joseph Snyder,46,Female,teresanoble@example.net,001-718-244-2675x0870,Master Degree,"7817 Mcdaniel Grove Apt. 038
New Tammyshire, PW 50269","JavaScript, HTML, CSS",5,Yes
Melissa Baker,43,Female,mark63@example.com,(350)488-8686x72577,Bachelor Degree,"PSC 6155, Box 2091
APO AA 35235","Python, CSS, HTML",0,Yes
Katrina Blankenship,50,Male,courtney42@example.net,483.628.7211x0005,Bachelor Degree,"Unit 5864 Box 8056
DPO AE 28760","CSS, Java, SQL",0,Yes
Mrs. Alexis Spears,38,Male,jane06@example.org,+1-353-852-9136x266,Bachelor Degree,"60212 Billy Manor
Brendahaven, VI 31772","C++, Java, Python",4,No
Jeffery Mcdonald,26,Male,xrose@example.net,001-241-966-3357x25484,High School,"8250 Lisa Estate
Stonetown, WV 24034","HTML, CSS, Node.js",1,Yes
Steve Parker,18,Female,jking@example.com,(201)566-7667,High School,"1238 Dustin Bridge Suite 637
Maddoxview, NC 09432","Node.js, JavaScript, C++",0,No
Joshua Miller,66,Male,fgreene@example.com,716-525-5324,Bachelor Degree,"PSC 9050, Box 8891
APO AA 84767","CSS, Node.js, C++",3,No
Christopher Martinez PhD,59,Female,xhickman@example.net,001-803-558-7249x87091,Master Degree,"PSC 1286, Box 6614
APO AP 07927","Node.js, Python, JavaScript",3,Yes
Samuel Jacobson Jr.,80,Female,wooddenise@example.org,+1-361-768-5709x63120,Master Degree,"14046 Hubbard Inlet Suite 320
Tuckerborough, WY 16777","JavaScript, C++, SQL",5,Yes
Christy Spence,58,Male,kelly15@example.org,259.285.4547,High School,"309 Vang Tunnel Apt. 140
Michaelfort, CT 19026","Python, HTML, C++",0,No
Johnny Camacho,33,Female,kennedyvanessa@example.net,(431)545-7069,High School,"491 Juan Dale Suite 760
South Evan, VT 73943","Node.js, React, Python",2,Yes
Jennifer Thomas,32,Male,lauraparker@example.net,556.661.4292,High School,"61118 Raymond Mountains
Melissashire, GA 65476","Python, Java, Django",4,No
Brian Reese,57,Female,amanda49@example.net,538-231-3408,High School,"628 Anderson Place
South Theresaland, DC 41740","Node.js, Java, React",3,Yes
Dr. Eric Dougherty,20,Female,wortiz@example.com,735-963-5093x12882,Bachelor Degree,"USNS Price
FPO AA 99001","Flask, HTML, Node.js",0,No
Jocelyn Martinez,44,Male,julie36@example.net,307.815.1286x8833,High School,"9472 Jason Tunnel Apt. 910
New Tasha, KS 68167","Flask, HTML, Node.js",4,Yes
Michelle Cooper,44,Female,ghenderson@example.net,(369)641-0099x854,High School,"951 Palmer Dam
Abigailhaven, WA 57791","Django, SQL, CSS",5,No
Elizabeth Butler,23,Male,tyler90@example.net,001-945-553-0039x8788,Bachelor Degree,"268 Barbara Land Apt. 473
Jadeberg, NH 20803","Flask, CSS, React",4,Yes
Adam Reid,73,Male,christopherpruitt@example.org,001-441-249-0113x948,Doctorate,"097 Joseph Wall
Hancockborough, NM 10451","HTML, SQL, Java",5,Yes
Samantha Miller,66,Male,johnrobinson@example.net,797-211-6241,Doctorate,"94164 Carter Islands Suite 925
South Nicolechester, CT 18796","Python, CSS, Django",5,Yes
Amanda Rodriguez,54,Male,lisahoward@example.org,288-379-0152x1201,Master Degree,"21519 Roberto Ports Suite 520
Smithburgh, HI 07582","Django, JavaScript, Flask",4,No
Natalie Wright,49,Male,munozpatrick@example.com,(361)221-9853x93158,High School,"0046 Wyatt Gateway Apt. 290
South Gloria, NM 13212","Python, Django, JavaScript",2,Yes
Andrew Davila,21,Female,desiree90@example.org,(989)386-6915,High School,"07854 Elliott Summit
West Mikaylastad, CA 49198","Flask, C++, SQL",2,No
Leslie Steele,18,Female,millerjeffrey@example.org,428.614.2343,Bachelor Degree,"715 Nichols Summit
Morganshire, MS 43014","CSS, Flask, Python",0,No
Michael Boone,55,Male,jonespatrick@example.net,8718020796,Master Degree,"2667 Nicole Parks Suite 007
North Brad, PW 36176","JavaScript, HTML, Node.js",2,No
James Velasquez,25,Female,dbrown@example.org,921.975.6819x3934,Bachelor Degree,"894 Flores Spurs Suite 044
West Brad, MD 32568","React, Java, Node.js",5,No
Jenny Sellers,35,Male,shellygarrett@example.com,001-968-287-2558x04013,Doctorate,"988 Thompson Inlet Apt. 641
New Lindaborough, MI 27894","HTML, Django, SQL",4,Yes
Kimberly Johnson,66,Male,shelbymitchell@example.com,+1-996-994-0853,Bachelor Degree,"43380 Jessica Underpass
Katieborough, VA 54442","Python, CSS, SQL",4,No
Amber Brown,76,Male,brandon53@example.org,001-248-296-0760,Bachelor Degree,"44172 Hicks Isle Suite 038
South Masontown, TN 86622","Node.js, C++, Django",5,No
Kenneth Bautista,27,Male,kennethkent@example.org,439.382.2564x68372,Master Degree,"0814 Peter Crossing Apt. 067
New Kellybury, IN 12289","SQL, HTML, JavaScript",3,No
Eric Aguilar,22,Male,olivia35@example.net,001-470-495-2393x6583,High School,"Unit 2455 Box 0561
DPO AA 65615","Django, Java, SQL",5,Yes
William Raymond,79,Male,joseph28@example.org,(310)391-3953,Doctorate,"138 Kevin Divide Apt. 630
Port Randy, CO 46106","HTML, Python, SQL",2,No
Blake Kelley,59,Male,sandrabrock@example.org,265-619-3816x413,Master Degree,"178 Baker Spurs
Port Kellyfort, AR 04950","Python, HTML, CSS",3,No
Michael Marshall,25,Female,allisonwayne@example.net,+1-799-234-2717x10558,High School,"6505 Valdez Keys Apt. 213
Sandersview, DE 09168","CSS, Django, Python",5,No
Tammy Coleman,35,Female,denisemcmillan@example.org,755-856-8795,Bachelor Degree,"183 Anderson Meadows Suite 324
Lindsaystad, OH 70346","Python, JavaScript, SQL",0,No
Kara Robinson,58,Female,curtiswilliams@example.net,697.922.3666x33532,Bachelor Degree,"87597 Calhoun Via Apt. 401
Diazland, FL 08939","C++, Django, Node.js",2,No
Paula Scott,48,Female,larry85@example.org,731.597.6786x35092,Bachelor Degree,"956 Richard Stream
Sarafort, VT 76807","CSS, Node.js, Java",2,No
Antonio Harmon,72,Female,nicholaspearson@example.net,+1-644-562-5788x52125,Master Degree,"PSC 8571, Box 5900
APO AP 15520","Flask, JavaScript, Node.js",1,No
Thomas Harmon,53,Male,stacy89@example.org,001-363-415-7219x19576,High School,"23234 Joe Cove
Morrisside, MO 23022","JavaScript, Python, C++",0,Yes
Kathy Nguyen,41,Female,morsemichael@example.org,(989)970-5380,Master Degree,"118 Cunningham Forge
New Abigail, NJ 43628","Django, Flask, Python",5,No
Jason Ellison,74,Female,davidleonard@example.net,463-873-7504x85492,Doctorate,"2001 Rogers Lights Apt. 616
Gravesshire, SC 11732","Django, Python, CSS",5,No
Lisa Combs,60,Male,bradleybrandy@example.com,001-704-840-7296x93825,Bachelor Degree,"37948 Marsh Junction
Lake Prestonborough, IL 28864","C++, JavaScript, HTML",4,No
Charles Bennett,65,Female,lisa32@example.com,+1-820-945-9574,High School,"6233 Weaver Creek Suite 475
Emilystad, WA 37612","React, HTML, JavaScript",4,Yes
Heather Rodriguez,66,Male,joshua84@example.org,423-711-3222,Doctorate,"8261 Daniel Port
Kathleenmouth, DC 58592","JavaScript, Flask, React",5,Yes
Maria Sanchez,29,Female,garrettshelby@example.com,001-709-395-1365,Bachelor Degree,"640 Laurie Throughway
Lake Frank, NE 62043","Node.js, HTML, SQL",3,Yes
Thomas Robinson,49,Female,nlopez@example.net,(665)582-4727x349,High School,"28335 Travis Inlet Suite 661
Markside, HI 39672","Java, HTML, JavaScript",0,Yes
Taylor Lee,64,Male,joejones@example.com,(444)707-0786x931,High School,"61541 Matthew Views
Danielmouth, KY 21502","Flask, Java, Python",3,No
Casey Holmes,46,Male,angela24@example.com,001-909-791-4407x3858,High School,"047 Noah Ridge
North Catherineborough, AK 48887","HTML, C++, Python",3,Yes
Deanna Alvarado,40,Male,qroberts@example.net,+1-237-904-4891,Bachelor Degree,"1902 Kennedy Square Suite 254
Georgechester, CO 82153","Django, SQL, JavaScript",2,Yes
Kathleen Reed,45,Female,melinda59@example.net,001-953-410-7347,High School,"1069 Farmer Common Suite 356
Lake Lisa, IN 00622","React, Django, JavaScript",0,Yes
Jacob Brewer,48,Female,eric14@example.net,+1-424-665-8724x846,Master Degree,"0612 Victor Pike
Boothfurt, OK 21641","Java, React, C++",4,Yes
Kyle Holloway,29,Male,friedmanandrew@example.net,468.767.4211,Doctorate,"10536 Ricky Extension
Marshallberg, DC 95106","Flask, SQL, Python",4,No
Jeremy Suarez,68,Male,alvareznicholas@example.com,001-742-241-8759x95164,High School,"937 Christopher Forks
North Christinaland, ND 89108","Java, Node.js, SQL",3,Yes
Brian Mitchell,45,Female,matthewboone@example.org,+1-268-886-2703,Doctorate,"590 Anthony Drive Apt. 890
Jefferymouth, CT 22211","Java, CSS, C++",4,No
Christopher Trujillo,18,Male,charleneperry@example.net,001-387-803-4022x346,Doctorate,"598 Dennis Courts
South Michael, TX 93015","JavaScript, C++, Java",5,Yes
Catherine Sanchez DDS,54,Female,dillonjason@example.org,7368633324,High School,"061 Ho Trafficway
East Thomasport, KY 87673","Python, Flask, C++",1,Yes
Nichole Hughes,47,Male,millerbrian@example.com,+1-389-693-2331x5972,Bachelor Degree,"USS Duarte
FPO AA 71155","Django, Flask, React",5,Yes
Valerie Cummings,80,Female,ariel45@example.org,365-807-6358x27581,Doctorate,"7910 Berry Bridge
Thorntonbury, UT 88171","C++, Flask, JavaScript",1,Yes
Austin Graham,22,Male,kross@example.org,257-457-3793x76569,High School,"817 Cole Mountain
Lake Travis, SC 02393","Java, Python, SQL",2,Yes
Ronnie Carroll,36,Male,cynthia64@example.net,001-585-299-1297x49541,Master Degree,"760 Melissa Valleys Suite 147
West Stanley, DE 98877","Java, C++, Django",4,No
Elizabeth Mcbride,55,Female,caldwellvictor@example.org,2826362419,High School,"417 Robert Circles Apt. 422
Morrisfort, AS 51188","JavaScript, Java, HTML",4,Yes
Kelly Gould,66,Male,dunlapjoel@example.org,983.837.6524,Doctorate,"Unit 4804 Box 9234
DPO AE 03923","CSS, Django, Flask",5,Yes
Matthew Stone,38,Male,wwhite@example.com,(515)625-7191x012,Bachelor Degree,"1921 Freeman Street Apt. 481
New Ebony, CO 71873","React, Flask, CSS",4,No
Robin Bates,23,Male,jeffreygoodwin@example.org,345-281-6043x35732,Doctorate,"12030 West Common Apt. 737
South Taylorburgh, AL 70240","CSS, Django, Node.js",0,No
Gregory Kidd,45,Male,johnblair@example.com,+1-233-228-4472x5389,High School,"26327 Wood Underpass Apt. 032
Lake Mary, AL 36824","Django, Node.js, JavaScript",2,No
Crystal Fox,62,Female,sanchezalexis@example.net,+1-602-954-8941x8959,Bachelor Degree,"068 Roach Rapid Suite 036
Colemanburgh, HI 64894","JavaScript, Java, CSS",2,Yes
Ann Fleming,64,Male,braywhitney@example.org,001-811-291-6373x80508,Doctorate,"257 Daniel Manor
South Alishafurt, ND 27088","SQL, React, Node.js",3,No
Julia Martin,65,Female,aserrano@example.org,(821)652-6010x88373,Doctorate,"68572 Richard Hollow Apt. 230
Stephaniemouth, GA 21645","CSS, HTML, JavaScript",3,No
Nicole Walsh,78,Male,jonesbrandy@example.net,(294)391-1983x2671,High School,"4253 Anthony Ports
Barrybury, AZ 57258","Django, Java, C++",1,Yes
Joshua Pope,44,Male,williamnichols@example.net,(678)389-8903x9068,Master Degree,"1861 Jonathan Pass
Matthewmouth, HI 37222","Node.js, SQL, CSS",2,No
Joyce Gibson,56,Male,cesar24@example.net,001-417-859-8989,High School,"USS Taylor
FPO AE 52188","SQL, Node.js, Python",2,Yes
James Henson,63,Male,wallsmichael@example.com,(565)934-0307,Bachelor Degree,"93521 Leah Courts
North Gregory, WV 37087","Django, JavaScript, Java",3,No
Makayla Rivera,60,Female,qyoung@example.org,(716)861-4549,High School,"07741 Christopher Way Suite 600
Mcclainside, MD 32211","Python, HTML, SQL",1,No
Adriana Crawford,78,Female,debralowe@example.net,330.373.5000x65414,Master Degree,"5266 Jordan Mount Apt. 177
Susanberg, AZ 12176","C++, Python, Flask",2,No
Justin Torres,77,Male,christina82@example.com,679.397.6098x0600,Master Degree,"3796 Benjamin Route Suite 616
Michelleport, PW 49973","Java, Python, Flask",1,No
Mr. Timothy Gonzalez,31,Male,andrew32@example.org,863-887-1494x472,Master Degree,"7525 Watkins Path Suite 525
Port James, NJ 79970","HTML, JavaScript, Django",4,Yes
Alexis Myers,64,Male,darryl51@example.com,+1-520-725-5146x49209,Master Degree,"6749 Mcmahon Ford Apt. 569
Smithborough, HI 23983","CSS, React, HTML",3,No
Ashley Gardner,42,Male,ccastillo@example.org,001-277-924-1481x9238,Bachelor Degree,"80841 Wright Ridges
Port Codymouth, NH 26259","Java, Python, JavaScript",4,No
Danielle Osborne,65,Male,xjones@example.com,7203557617,Master Degree,"288 Manuel Pine
Kennethtown, SC 13535","CSS, SQL, C++",4,No
Monica Fowler,56,Female,martinezvanessa@example.com,(366)941-7092,High School,"796 Jackson Fork
West Rogerburgh, HI 49579","Java, JavaScript, SQL",4,Yes
Alexis Jones,56,Female,leerussell@example.org,(891)577-7453x1552,High School,"2122 Sharon Station Suite 406
Hannahhaven, MP 58494","SQL, JavaScript, HTML",4,No
Joan Turner MD,29,Female,knguyen@example.net,893-811-8042x315,Doctorate,"Unit 1555 Box 9230
DPO AA 18729","Node.js, Java, C++",5,Yes
Paul Buckley,23,Female,larryhodges@example.com,422.828.9434x4479,Doctorate,"823 Nancy Cliff
Kevinhaven, AZ 23751","C++, SQL, Java",3,No
Eric Boyer,18,Female,vasquezjamie@example.org,(238)223-8511,Bachelor Degree,"1523 Andrew Gardens
Port Regina, SD 57759","Django, React, HTML",5,Yes
Luis Buckley,77,Male,ryanknight@example.com,+1-750-856-1959x5187,Master Degree,"599 Karen Avenue
Port Stevenfort, LA 99565","C++, Python, Java",1,Yes
Shannon Collins,53,Female,zachary91@example.org,670-972-3769x799,Doctorate,"9783 Ashley Parks Suite 486
Lindafurt, AS 50227","JavaScript, Flask, Django",5,Yes
Thomas Jones,39,Female,dcontreras@example.org,+1-314-206-2802x557,Master Degree,"840 Walsh Station Apt. 480
Tranfurt, NC 53051","SQL, Java, C++",4,Yes
Katherine Lopez,51,Male,mary67@example.net,+1-714-939-5938,Doctorate,"29347 Troy Valley Suite 557
New Yeseniatown, TX 36158","CSS, HTML, Flask",5,Yes
Christopher Duran,19,Male,lisa90@example.net,+1-588-339-9581x38042,Bachelor Degree,"89354 Michelle Hill
Loganland, IA 46596","CSS, Java, React",1,Yes
Deanna Woodard,49,Female,yrowe@example.com,407.483.9954x85145,Doctorate,"USNV Robertson
FPO AP 95871","Node.js, Java, SQL",3,Yes
Joe Wilkinson,53,Female,karina72@example.com,612-250-6908,Doctorate,"608 Curtis Common
North Loriland, OK 78468","HTML, C++, React",4,Yes
Angela Dickerson,46,Male,richardfernandez@example.net,987.818.6602x66590,High School,"USCGC Aguirre
FPO AP 27644","C++, Flask, Node.js",2,No
Theresa Jones,55,Male,tjackson@example.com,8273838551,Master Degree,"0917 Mccarthy Plaza
New Donna, OH 94120","React, SQL, CSS",5,No
Austin Burton,62,Male,moorecatherine@example.com,(714)432-5862x5020,High School,"15756 Cindy Islands Suite 023
Boydstad, PR 06889","Flask, JavaScript, HTML",1,No
Alan James,55,Male,grantchad@example.com,+1-443-905-3600x8679,Doctorate,"5621 Katelyn Throughway
Port James, AZ 77192","SQL, HTML, Flask",0,Yes
Courtney Hammond,53,Female,thomas00@example.com,(516)347-8478x78124,Master Degree,"15650 Paula Key
Michaelmouth, MS 50830","C++, CSS, Django",0,Yes
Paul Adams,38,Female,andrewmitchell@example.org,6836394567,Master Degree,"55273 Amy Drives Apt. 128
West Leah, WA 84028","Flask, JavaScript, Python",3,Yes
John Jackson,63,Female,dvega@example.net,9298781713,Master Degree,"29808 Elliott Knolls
Bennettport, PR 34589","Flask, Django, C++",3,No
Corey Jenkins,24,Female,nhall@example.net,360.318.1423x9001,Master Degree,"41551 Taylor Drive Apt. 468
New Henryburgh, NM 03601","JavaScript, Python, CSS",1,Yes
Dennis Powell,23,Male,jordan52@example.com,(614)464-8486x9027,Bachelor Degree,"81711 Patricia Prairie Apt. 748
Lake Tiffanyton, ID 97574","Django, Node.js, JavaScript",0,Yes
Tyler Mahoney,63,Female,micheal71@example.net,+1-417-938-9124,Doctorate,"410 Banks Springs Suite 707
Port Christopher, SC 38920","Java, JavaScript, CSS",1,Yes
Stephen Brown,68,Male,john01@example.net,(245)790-5679,High School,"82759 Tiffany Greens
New Morgantown, ID 82612","C++, Django, Python",1,No
Kimberly Singh,46,Female,johnsonjessica@example.com,909.235.5306,High School,"327 Samuel Views Apt. 202
Port Sarah, WY 44904","JavaScript, Flask, SQL",5,No
Gregory Gill,30,Male,fergusonkenneth@example.net,5897667039,Bachelor Degree,"697 Gutierrez Manors
Lake Victor, WA 33027","HTML, Python, Java",3,No
Kim Mooney,69,Male,lonnie36@example.net,846-361-9182x5169,Bachelor Degree,"45019 Christopher Passage Apt. 545
East Brian, AR 26256","Flask, SQL, Python",1,No
Jessica Harrington,21,Female,vcox@example.net,970-960-7629,Doctorate,"4741 James Motorway Apt. 730
Suzannehaven, VI 31951","Flask, Node.js, Python",2,Yes
Christopher Ramos,27,Female,johnstonhoward@example.com,001-539-812-5477x131,Bachelor Degree,"4751 Ayers Trace Apt. 833
South Lisamouth, KS 96335","CSS, C++, React",3,No
Anthony Meza,80,Male,zblackwell@example.org,806.977.2939x577,Doctorate,"PSC 1306, Box 2967
APO AE 34921","C++, React, Django",0,Yes
Megan Lester,27,Male,baileypamela@example.org,001-367-510-9462,Doctorate,"906 Kelly Key
Julieshire, PA 74989","C++, Node.js, Java",0,Yes
Robert Rivera,68,Male,kcombs@example.net,001-340-614-4900x0022,Master Degree,"929 Kimberly Terrace Suite 011
South Samanthafort, GA 86977","SQL, Java, Python",4,No
Timothy Marshall,23,Female,hornebrendan@example.com,2045874322,Master Degree,"76260 Weaver Fort
Port Michellefort, AS 94923","CSS, HTML, Python",1,Yes
Rebekah Willis,65,Female,kwebb@example.net,(222)630-4635,Bachelor Degree,"9971 Rachel Pines
South Larryberg, FM 13411","SQL, C++, Python",5,No
Shelley Payne,37,Male,angela95@example.net,(390)812-2623,High School,"PSC 2540, Box 0948
APO AP 61573","Java, SQL, Python",1,No
James Anderson,50,Female,haley82@example.com,974.494.2318,Bachelor Degree,"894 Woods Harbor
Lake Sarah, VT 79773","Django, Java, CSS",0,No
Amanda Odonnell,50,Male,bhayes@example.net,+1-640-400-1025x9383,Master Degree,"0328 Nancy Common
East Hannahbury, ID 75230","Django, CSS, Python",5,Yes
Jonathan Reid,65,Male,csmith@example.com,(820)706-1502x380,High School,"PSC 1827, Box 3286
APO AE 99039","JavaScript, Python, Java",3,Yes
John Campbell,51,Female,christina23@example.net,6328780629,Bachelor Degree,"18452 Smith Curve
Hernandezport, TX 61699","CSS, Node.js, React",4,No
Brittney Walton,28,Male,jasonsmith@example.net,788-251-5219x18465,Doctorate,"Unit 0232 Box 8756
DPO AE 48430","Flask, CSS, Node.js",3,No
Tim Henderson,33,Male,suzanne69@example.org,601.930.2199x99046,Doctorate,"USNV Stewart
FPO AA 21604","C++, React, Node.js",5,No
Douglas Thomas,54,Male,alexandria41@example.net,5437184685,Master Degree,"7105 Jessica Villages Suite 974
Lisaberg, OH 40816","Django, Flask, React",1,Yes
Barry Griffith,27,Female,gregoryle@example.com,(965)992-5116,High School,"716 Huang Knoll
Cartershire, LA 68361","Django, C++, Node.js",0,No
Justin Butler MD,58,Female,qhall@example.com,001-556-237-8451x25935,Master Degree,"10696 Derek Wells Apt. 843
Port Michael, WA 87978","JavaScript, CSS, C++",4,Yes
Nicole Roach,35,Male,adamhughes@example.net,001-770-425-3450,High School,"00274 Steven Spur
New Sarah, LA 61518","Django, C++, Flask",2,No
Andrew Scott,28,Female,vancejoseph@example.org,828-303-7804,High School,"80993 Hernandez Vista
Anneville, ME 46972","SQL, JavaScript, HTML",4,Yes
Amanda Young,47,Female,mcleanmeagan@example.com,943.855.3413x917,High School,"1720 Gregory Square Apt. 267
Nguyenmouth, FM 31227","SQL, Node.js, React",3,No
Jeffrey Hendrix,65,Male,berrymegan@example.org,(688)533-9182x6409,High School,"06098 Edwards Loop Apt. 900
Bullockside, CT 18001","Node.js, Flask, SQL",2,No
Christopher Washington,32,Female,garcianicholas@example.net,+1-674-738-5048,Bachelor Degree,"70700 Stone Lock Apt. 963
Lake Amandachester, OK 65829","Java, HTML, CSS",4,No
Debra Potter,47,Female,kevin66@example.com,+1-526-599-0883x3069,Master Degree,"2447 Rice Lights Suite 379
Rodriguezmouth, DE 87697","HTML, C++, Python",2,No
Angela Ayers,25,Male,eric48@example.net,001-728-404-6150,Master Degree,"3392 Travis Lakes Apt. 333
Monroeberg, NE 07510","Flask, Node.js, CSS",4,Yes
Angela Lindsey,41,Male,hollycamacho@example.com,378-384-8735x0194,Doctorate,"49210 Kathryn Mountain
Jessicamouth, UT 20666","JavaScript, HTML, Node.js",4,Yes
Amanda Huffman,58,Male,cody87@example.net,(636)394-6405,Doctorate,"5295 Jackson Extension
Stoneview, CO 55872","React, Java, CSS",2,Yes
Katherine Bradley,61,Male,tracyellison@example.net,+1-562-656-8738x939,Doctorate,"1241 Tara Cliff
Jenniferfort, MS 43236","CSS, Django, SQL",5,No
Julie Williams,36,Female,whoward@example.com,8158538962,Master Degree,"34480 Davis Hills
New Anthonybury, RI 77677","HTML, React, JavaScript",5,No
Colleen Mccoy,76,Male,rwilliams@example.org,001-853-910-8342,Master Degree,"208 Hunter Islands Apt. 300
Lopezchester, GA 76467","Node.js, CSS, SQL",1,No
Nicole Howard,49,Male,jjohnson@example.com,001-236-222-8729x543,Bachelor Degree,"68824 Marsh Expressway Apt. 544
Hoffmanbury, AR 15100","Python, JavaScript, React",4,No
Jorge Kramer,21,Male,mullinsbrian@example.org,5725713461,High School,"PSC 5569, Box 1535
APO AP 11034","React, Flask, Java",3,Yes
Kathryn Miles,63,Male,angela39@example.com,269-806-5709x3003,Doctorate,"74419 Powers Springs Apt. 451
Amyland, GA 32568","Node.js, SQL, HTML",0,No
Jennifer Obrien,79,Male,eochoa@example.org,4354510369,Bachelor Degree,"7436 Brian Ways
Brownland, PW 74460","Python, SQL, HTML",5,Yes
Lisa Hammond,59,Female,ufranco@example.org,001-769-809-2498,High School,"8844 Samantha Ferry Suite 278
North Andrewside, VI 35855","HTML, SQL, Flask",2,Yes
Laura Scott,29,Female,gvillarreal@example.com,+1-375-939-7070x78150,Bachelor Degree,"3550 Antonio Key
Johnhaven, MI 22793","Java, Flask, Python",3,No
Robert Gallagher,24,Male,bakersusan@example.com,946.207.3448x6925,Master Degree,"0316 Anthony Ramp Suite 670
Joelmouth, MT 46335","React, HTML, C++",5,Yes
Dawn Lin,71,Female,jessicathomas@example.org,(689)640-7269,High School,"3002 Taylor Walk
Lake Taylorfurt, AZ 94751","Python, CSS, C++",4,No
Mr. Chad Richardson DVM,31,Female,stevensjohn@example.org,985-515-4313x24208,High School,"PSC 4975, Box 9687
APO AA 95477","Python, Node.js, SQL",4,Yes
Michael Baker,64,Female,leemichele@example.com,+1-202-293-9267x767,Doctorate,"33458 Strickland Bridge
Marshallborough, PR 43532","JavaScript, Java, Node.js",5,Yes
Victor Wood,34,Female,llee@example.net,+1-345-756-3967x8926,Doctorate,"5562 Shannon Mountain
South Amanda, ME 67798","HTML, Flask, JavaScript",0,Yes
Ryan Thompson,74,Male,cassidy14@example.com,(661)587-5351x608,Doctorate,"0300 David Road
Kaylaland, OH 46894","Python, Java, React",1,No
William Rios,54,Female,qthompson@example.org,357-753-3483x292,Master Degree,"660 Gray Place Apt. 710
Davidborough, VI 00968","SQL, Flask, C++",5,Yes
Carmen Scott,44,Female,tparker@example.org,296.316.1592,Doctorate,"7179 Michael Summit Apt. 348
East Danielfurt, NV 76199","Python, Flask, Java",3,No
Timothy Price,68,Female,hodgesjudith@example.org,723-661-6766,High School,"Unit 1641 Box 4757
DPO AA 48683","Java, React, JavaScript",2,Yes
William Webb,28,Male,kfernandez@example.com,+1-420-484-6015x3574,Bachelor Degree,"3083 Jessica Port
Jeffland, NM 01862","Java, Flask, Django",5,No
Carlos Green,23,Male,smithlisa@example.com,6007374272,Bachelor Degree,"USNS Martinez
FPO AA 32243","Django, SQL, C++",5,No
Sandra Bolton,21,Male,msmith@example.com,(707)726-6301x07094,Master Degree,"7547 Andre Fort
North Georgeberg, NH 18950","CSS, Python, Django",1,Yes
Christopher Stone,50,Male,yhendricks@example.org,+1-988-937-6043x82281,High School,"161 Reyes Island Suite 377
Masonville, PW 85359","SQL, JavaScript, C++",1,Yes
Mary Kennedy,58,Male,laura77@example.org,+1-485-307-6761,Master Degree,"482 Ward Centers
New James, MT 33743","JavaScript, Flask, CSS",3,Yes
Nancy Wright,59,Male,steven67@example.com,(790)225-6233x4746,Master Degree,"998 Morris Passage
Christopherberg, PR 69427","Node.js, Java, Django",5,Yes
Michael Hull,69,Male,david56@example.org,(451)656-7609x3503,Doctorate,"79489 Smith Plain
South Alexander, GU 84268","CSS, JavaScript, React",2,No
